tag,count
기분전환,122874
감성,101059
휴식,96180
드라이브,90931
잔잔,85842
힐링,85707
카페,84095
새벽,73822
사랑,67759
여행,62086
추억,53817
신나는,50173
발라드,50153
가을,47070
스트레스,46764
설렘,43300
알앤비,40694
회상,39968
힙합,38579
겨울,38024
매장음악,37240
이별,36954
인디,36021
여름,35869
산책,34661
분위기,33166
운동,32101
슬픔,30054
댄스,29288
비오는날,27944
매장,26363
소울,26170
팝송,23173
트렌디,23140
OST,20275
그루브,19916
재즈,19807
클럽,19528
주말,19209
위로,19121
일렉,18361
감각,18209
edm,17574
피아노,17102
뉴에이지,16283
아침,16260
몽환,15951
우울,15458
편안,14806
가요,14786
달달,14605
취향저격,14445
커피,14365
오후,14204
연주곡,13206
공부,12514
클래식,12476
아이돌,11159
저녁,11062
배경음악,10787
집중,10765
혼자,10407
독서,10254
센치,10052
따뜻,9640
노동요,9197
음색,9193
어쿠스틱,9040
비트,8996
자장가,8975
여유,8666
연,8645
느낌있는,8599
눈물,8393
세련된,8225
시원,8206
불금,8076
매력,7762
퇴근길,7573
파티,7554
일상,7475
그리움,7275
1990,7205
힙,7160
출근길,7098
신곡,6852
2000,6816
드라마,6309
외힙,6252
잠들기전,6144
숙면,6103
더위,6085
헬스,5896
고백,5795
영화,5733
국힙,5591
차분,5493
청량,5489
rap,5485
행복,5454
밴드,5437
조용,5435
노래방,5409
기분좋은,5291
크리스마스,5222
감미로운,5172
연말,5102
불면증,5073
쓸쓸,5068
버스,4948
나른,4943
포근,4867
편집샵,4802
데이트,4698
일렉트로니카,4671
태교,4590
국내,4554
명상,4526
생각,4521
느낌,4519
상쾌,4516
하우스,4509
케이팝,4507
라운지,4424
섹시,4409
벚꽃,4401
모닝콜,4401
경쾌,4387
봄날,4353
퇴근,4166
기타,4097
캐롤,4074
동요,4003
슬픈,3987
상큼,3955
유니크,3914
최신,3904
포크,3897
가사,3878
electronica,3848
운전,3812
듀엣,3761
연애,3725
걸그룹,3713
다이어트,3703
쌀쌀,3686
페스티벌,3669
달콤,3628
숨은명곡,3621
제이팝,3610
바다,3576
휴가,3576
낮잠,3552
솔로,3489
감동,3489
낭만,3466
해외,3450
보컬,3424
노을,3379
트로트,3323
추위,3321
수록곡,3294
명반,3288
트랩,3255
외로움,3249
공연,3246
신나,3229
작업,3218
1980,3212
꿀잠,3113
로맨틱,3094
한강,3091
groove,3058
chill,3053
힙스터,3009
dj,3001
월요병,2980
리듬,2938
2010,2933
블랙뮤직,2931
기분업,2887
레트로,2845
좋은노래,2815
추천곡,2772
청춘,2708
새해,2686
침대,2670
힘들때,2662
혼술,2643
빌보드,2594
메탈,2574
마음,2567
올드팝,2547
감각적,2535
출근,2532
연주,2504
바람,2499
신남,2491
야경,2488
인디팝,2464
흥겨운,2440
장마,2427
jayje,2421
아련,2393
히든트랙,2385
lofi,2384
봄노래,2371
와,2361
라디오,2350
무드,2302
멜로디,2268
공감,2237
기억,2182
흑인음악,2180
선선,2172
맥주,2172
리메이크,2163
사색,2159
내적댄스,2155
2019,2151
커플,2147
로파이,2142
중독성,2134
ccm,2126
붐뱁,2115
휴일,2097
봄비,2091
모음,2080
낙엽,2060
여름밤,2059
스포츠,2037
7080,2028
연휴,2022
헤어짐,2017
리드미컬,2017
일렉트로닉,2010
즐거운,2002
퇴폐,1999
시작,1998
classic,1995
플레이리스트,1987
취향,1986
설레임,1970
카페음악,1965
영국,1938
고독,1934
응원,1931
요가,1926
도시,1925
달콤한감성,1913
시험,1903
수면,1899
노래모음,1887
노래추천,1882
dance,1869
나만알고싶은,1869
애절,1862
음악추천,1856
고막남친,1836
월드뮤직,1817
봄캐롤,1814
홍대,1812
electronic,1812
club,1799
그룹,1786
에너지,1779
이태원,1776
작곡,1764
듣도보도못한굿뮤직,1748
프로듀서,1737
남자,1729
신,1723
레전드,1719
일본,1718
래퍼,1713
2020,1702
두근두근,1673
숨겨진알앤비송,1659
sweet아렌뷔,1658
첫눈,1653
외출,1647
일할때,1635
트로피컬,1626
rare,1624
12월,1619
hidden,1619
아기,1616
셋리스트,1591
작사,1582
etc,1582
2018,1575
쇼미더머니,1566
나들이,1559
지하철,1559
좋아요,1554
찬양,1554
명절,1537
갬성,1535
swag,1533
듣기좋은,1529
디스코,1525
고막여친,1522
얼터너티브,1507
1970,1503
8090,1501
조깅,1496
광고,1486
흐린날,1485
여자,1482
햇살,1478
삽입곡,1475
rnbsoul,1474
영화음악,1472
웅장,1468
흥폭발,1467
그루비,1463
사무실,1462
브금,1458
아픔,1455
싸이월드,1455
따듯,1442
러닝,1433
호텔,1425
여유로운,1421
옛날노래,1415
작곡가,1415
그냥,1410
인디음악,1409
부드러운,1408
방콕,1399
산뜻,1388
시대별차트,1388
가창력,1387
아이유,1383
책읽을때,1376
내,1372
귀르가즘,1358
강남,1350
여자보컬,1343
남자보컬,1330
빈티지,1324
싱어송라이터,1305
끈적,1304
올드스쿨,1302
시티팝,1287
해변,1286
트렌드,1286
asmr,1286
복고,1285
보이그룹,1280
따스,1278
게임,1276
밤에,1274
jazzhiphop,1267
하루,1266
엑소,1260
명작,1260
음색깡패,1259
화이팅,1258
가족,1257
피곤,1257
개취,1255
강렬,1255
치유,1248
2017,1243
sm,1229
애니메이션,1222
맑은,1220
pub,1220
서정,1219
첼로,1219
고요,1206
잠잘때,1204
보사노바,1203
이디엠,1200
바이올린,1200
브릿팝,1188
어린이집,1188
몽환적,1182
목소리,1180
빌로우,1178
성탄절,1175
라틴,1174
월드,1173
어린이,1158
힘내,1158
여성보컬,1155
스웩,1149
옛날,1146
도입부,1145
몽롱,1140
발랄,1136
샤워,1113
사극,1110
선곡,1104
모던락,1093
늦은밤,1088
hiphople,1087
흑,1086
금요일,1080
안정,1077
밝은,1068
레드벨벳,1067
결산,1067
친구,1063
신비,1061
믿고듣는,1058
여행산책,1058
후회,1056
tv,1051
날씨,1050
영화ost,1050
추석,1050
눈오는날,1049
불토,1038
공부할때,1032
펑크,1029
독특,1029
내취향,1029
부모님,1027
리믹스,1021
연주음악,1020
설날,1017
스타일리시,1012
릴렉스,1009
우주,1007
스타일리쉬,1002
피크닉,999
엄마,998
개인취향,989
국외,986
봄바람,982
미세먼지,978
분위기있는,975
밤새벽,974
하늘,964
스트레스해소,963
재즈힙합,963
천재,960
월요일,954
고속도로,954
inst,954
공원,950
가사없는,948
감수성,945
아름다운,944
편집숍,944
오르골,944
히트곡,943
자기전,940
사운드트랙,938
중독,926
house,923
시크,917
캠핑,916
열대야,915
오케스트라,915
유치원,915
프로그레시브,913
소녀시대,909
휴양지,905
자전거,897
과거,896
송가,895
치명,893
3월,889
베이스,883
소풍,873
멜론,872
cf,868
희망,866
바캉스,865
한국,864
트랜디,863
인생,862
고음,857
병원,857
레이블,853
런닝,852
자신감,852
축제,852
기쁨,846
특별,836
world,836
워십,836
미술관,835
가수,830
고민,830
청소,830
20대,827
bar,827
은혜,821
들썩들썩,819
달리기,818
슬픈노래,815
만화,813
패션,812
빗소리,810
테크노,810
다양,803
신스팝,800
ralalra,799
펑키,798
이어폰,797
귀호강,797
감사,796
동양,795
라떼,795
해외차트,790
여성,790
찬바람,789
크로스오버,788
여자가수,787
우산,786
활기찬,783
향수,782
보아,782
피쉬슈즈,782
취향저격dj,782
인싸,781
랜덤,774
콘서트,774
tvn,770
예능,768
indie,768
가을밤,767
m에센셜,766
새벽감성,765
쓸쓸함,765
전곡듣기,765
umf,762
쇼미,762
러브송,761
세련,760
디즈니,759
지칠때,758
러블리쏘,758
이불,757
라이브,756
우울할때,755
블루스,753
2016,752
계절,750
애니,748
팝송추천,748
협주곡,746
감성힙합,745
좋은곡,739
yolo,739
겨울밤,738
드라마ost,735
funk,734
30대,729
대세,728
결혼,727
워너원,723
일렉팝,723
딥하우스,718
나만의best3,718
슈가맨,714
용기,711
루프탑,710
옷가게,709
love,708
명곡들,707
설레는,706
뉴욕,705
뮤지컬,704
심쿵,701
삼시세끼,700
멋진,700
예배,700
최신곡,696
너도알았으면,695
folk,691
편안함,689
pbrnb,687
ost모음,686
chillhop,685
임산부,682
4월,680
긍정,676
지친,675
mood,673
헬스장,672
bts,670
유산슬,665
aomg,663
원곡,662
회식,660
트랜스,659
에센셜,655
신선,654
remix,653
컨트리,653
역주행,651
운동할때,650
꿀성대,649
샤이니,644
미국,642
전자음악,642
감상,640
라이딩,640
홈트,638
감정,637
충전,635
고전,635
서정적,635
비오는,634
국내차트,633
metal,633
방금그곡,632
아레나,629
수능,626
러브,625
스코어,622
교회,622
자기전에,621
필라테스,620
귀성길,618
청량감,617
브런치,616
집콕,616
우아,616
칠아웃,610
쇼핑,605
dope,603
작사가,603
레어,602
2월,601
기도,601
한동윤,599
베스트,598
과제,598
간지,598
acoustic,596
여자친구,592
외국,592
성인가요,588
웨이트,587
어두운,587
북카페,586
5월,579
올드,579
명품,578
피쳐링,576
smtown,576
동심,575
태연,574
일탈,572
어반,571
sweetmind,570
축가,569
billboard,569
멜로우,568
신나는음악,568
밤에듣기좋은노래,568
유튜브,567
미련,566
주제곡,565
유명,565
감성자극,565
미스터트롯,563
1월,563
외국힙합노래,561
복면가왕,559
레게,558
신나는노래,552
장르,551
유행,550
광고음악,550
열정,548
감주,547
지브리,543
파워풀,540
piano,540
dj딘,539
다중음격,536
국악,535
걷기,535
둠칫둠칫,535
이효리,534
드럼,534
아빠,533
듀오,531
활력,529
남돌,529
hot,526
창모,525
뮤직,524
오피셜차트,523
무더위,523
썸머,522
참이슬,522
유재석,521
달닻,521
스윗마인드,519
트와이스,518
미스트롯,518
summer,517
커피숍,517
인생곡,516
뮤지션,514
추억회상,513
마마무,512
귀여운,511
지역별,511
데뷔,510
19금,509
베토벤,505
로맨스,504
술집,503
추운,503
방탄,500
alternative,500
기리보이,499
종현,499
사운드,499
방탄소년단,499
legend,499
11월,498
producer,498
프랑스,498
숨겨진,497
아티스트,497
토닥토닥,496
루키,493
피트니스,492
상시업뎃,492
남녀,491
카이고,491
하드록,490
익숙,489
아날로그,488
웹툰,488
띵곡들,485
따뜻함,485
5년동안,482
sexy,481
분노,479
obey,479
째즈,478
교향곡,478
아이,476
공허함,476
혼자있을때,476
ballad,474
groovy,474
일본음악,473
개성,472
보고싶다,472
바운스,472
크러쉬,471
커버곡,471
고급진,471
잠안올때,471
비올때,471
드라이빙,471
걸크러쉬,470
hip,469
싱잉랩,468
효리네민박,466
유희열,466
유럽,466
콜라보,466
불면,466
헤비메탈,466
홍자,466
소주,465
1960,465
빅룸,465
명연주,463
exo,462
best,461
하이라이트,454
10월,454
편,453
노래들,452
스윙,451
덥스텝,450
산모,450
집순이,449
하이틴,448
공항,447
록메탈,446
신보,446
yg,445
드림팝,445
오페라,444
아메리카노,444
전설,442
에프엑스,441
남친,440
처방전,440
트롯,439
uk,439
윤식당,439
작업할때,438
스타일,438
울고싶을때,437
시부야케이,436
trance,436
작가,435
lounge,434
모던록,433
델리민주,433
이상순,432
입문,432
쇼팽,432
대중,430
빈지노,429
최신음악,429
1900,428
색다른,424
스피닝,423
rain,423
일요일,423
고등래퍼,423
ncs,422
젊음,420
명연,420
핫,419
비투비,419
직장,419
그래미,419
disco,419
서재페,418
앨범,415
평화,414
timeoff,413
deep,413
장엄,412
모닝,412
피아니스트,412
꽃보다청춘,412
머리를맑게해주는,412
하이어뮤직,411
본토,411
kbs,410
8월,410
브라질,410
런던,409
업무,409
샹송,408
야,408
홀로,408
마약,408
두둠칫,407
토토가,407
인기곡,407
virtuoso,407
festival,405
자연,405
심야,404
함께,402
댄스곡,401
trap,400
국내록,398
트로피칼,397
위너,397
상처,396
장윤정,396
배우,395
소장,395
music,395
꿀감대,394
winter,393
만남,392
넉살,392
신나게,392
노랫말을듣는다,392
프로듀싱,392
바흐,391
고급,390
퓨처베이스,390
예수님,390
도끼,389
타이틀,388
태그,388
프로포즈,387
1,387
러블리즈,387
소나기,386
집중력,386
최애곡,383
넷플릭스,382
성악,381
더콰이엇,381
감성팝,381
건강,380
drive,380
손님왔을때,380
힙잘알,379
예쁜,378
party,378
꿀보이스,378
가벼운,378
퓨전,377
요리,377
hiphopsoul,377
국내rnb,377
상반기,377
jrock,376
점심,376
신곡추천,376
빅뱅,375
vlog,375
전곡,374
잠들기전에,374
기독교,374
자존감,373
홍진영,373
야근,372
개강,371
씨티팝,371
오늘,371
하드락,371
레스토랑,371
감성음악,371
오마이걸,368
사이다,368
애잔,367
popsong,366
팝추천,366
응답하라,365
극복,365
정미애,365
랩퍼,365
숨은띵곡,364
이국,364
지친하루,364
경연,363
아이돌메이커,362
서울,361
평온,361
강아지,359
마무리,358
하트시그널,358
믿듣,358
oldpop,357
퇴근후,357
촉촉,356
nct,355
나른함,355
newage,355
시간,354
켄드릭라마,354
여운,352
흔하지않은,352
소나타,352
코로나,351
수험생,351
팝랩,350
대표곡,349
beat,349
팝음악,348
그시절,346
윤종신,346
실력파,345
통잠,345
음악감상,344
티타임,344
기차,343
외국힙합,342
가게,341
해질녘,341
멜랑꼴리,341
테라피,341
bonobono,340
지휘자,340
흥겨움,339
citypop,339
카라,338
tropical,338
프롬,338
한지훈,337
매니아,337
할로윈,336
에미넴,336
여돌,335
lp,334
은은,334
아무거나,334
광기,334
출발,333
긴장감,332
화창,330
추운날,330
맑음,330
흥부자,330
funky,330
since2000,329
김동률,328
매혹,328
박효신,327
숨겨진명곡,327
일렉트로닉팝,327
워킹,326
홈파티,326
태아,326
업데이트,325
락음악,325
팝페라,325
사운드소울,323
클럽음악,323
내맘대로,322
멜랑콜리,322
텐션업,322
가을비,322
귀경길,322
루피,320
싸이,320
힘내요,320
짜증,319
비와이,318
출퇴근,317
슈퍼주니어,316
동방신기,316
뭉클,316
iu,315
일본노래,313
저스트뮤직,313
독주곡,313
좋은음악,313
성,312
idol,312
나플라,312
연말결산,312
trendy,311
윤하,310
여름노래,310
미니홈피,310
비행기,309
선물,308
놀자,308
국내힙합,308
축구,308
연주자,308
동화,307
핑클,307
울적,307
갬성갬성,306
카페에서,306
집에서,306
힙존,305
패피,305
환상,304
스쿨오브록,304
듣고,304
지코,304
지미노래,304
풀앨범,304
hiphopb,303
파워,302
피처링,302
섬세,302
기다림,301
락앤롤,301
신화,300
음식,300
마블,300
수고했어,300
샘플링,300
테라스,300
일리네어,300
센티멘탈,300
잠자기전,300
몽글몽글,299
icons,299
갱스터,299
9월,299
도깨비,298
로큰롤,298
vocal,298
웅장함,297
반려동물,297
모음집,296
동양풍,295
스윙스,295
공허,295
토요일,295
태교음악,295
아이들,294
새로움,294
별밤,293
몸매,293
텐션,293
다짐,293
파리,292
여가수,291
목요일,290
로코베리,290
차안에서,290
드럼앤베이스,290
휘성,289
러블리,289
hifi가이드,289
방학,289
randb,289
콜드플레이,288
엠씨더맥스,288
그레이,288
팝락,288
남성보컬,288
백색소음,288
겨울감성,287
록명곡,287
반주,286
코노,284
국산,284
최고,283
셔플,283
안녕,282
매일,281
128bpm,281
일산,280
최신팝,280
떼창,279
bbc,278
그리운,278
로우파이,278
도서관,277
외로운,277
꿀음색,276
락발라드,276
월간,276
그때그시절,276
달달한노래,276
열창,275
강다니엘,275
추모,275
에이핑크,274
판타지,274
리스트,274
매드무비,274
통통튀는,274
활기,273
조용한음악,273
팝송모음,273
고급스러운,273
이불속,272
해외록,272
장르구분없이,271
신해철,271
day6,271
블락비,270
조성진,270
비트좋은,270
mr,270
어촌편,269
queen,269
7살,269
마커스,269
청량함,268
비긴어게,268
7월,267
틴팝,267
프로듀스101,267
인디고뮤직,267
데이식스,267
목욕,267
비틀즈,266
풋풋,265
남자가수,265
커버,265
통기타,265
soulful,265
night,265
이소라,264
복근,264
cello,264
비스트,264
어노인팅,264
걱정,263
chillout,263
우울한날,263
새로운,263
추천음악,263
창작,263
메이드,262
rnbr,262
유산소,261
drake,261
짝사랑,261
틱톡,261
팝뮤직,261
취저,261
발렌타인데이,261
hot100,260
주간,260
차안,260
학창시절,260
편곡,260
팝잘알,260
술한잔,260
영화드라마ost,260
우울함,260
런웨이,259
로멘틱,259
해외힙합,259
떡춤,258
피아노연주곡,258
aor,257
딩고,257
매스,256
디바,256
저스디스,256
3살,256
슬로우잼,256
랩노래,255
바이브,255
뉴이스트,255
미드,254
0살,254
더워,253
모닝커피,253
gz,252
키드밀리,252
절망,252
숨은,251
김이나,251
빅스,251
댄스팝,251
남미,251
label,251
위클리초이스,250
분위기깡패,250
내방,250
알쓸신잡,250
삼바,250
나만알고싶은음악,250
미디엄템포,250
coldplay,249
팝명곡,249
비내리는날,248
엠비션뮤직,248
안무,247
on,247
신비로운,246
소소,246
싱랩,246
띵곡모음,246
찬송,246
경배,246
찬송가,245
워쉽,245
잔잔함,244
기분좋아지는,244
제주도,244
맛집,243
예수,243
코난,242
test,242
다크,242
노엘,241
매장노래,241
한국록,241
가볍게,241
뉴잭스윙,240
화미담,240
버스킹,240
센스,240
세븐틴,240
여친,239
잔잔한노래,239
놀면뭐하니,239
평안,238
실연,238
미디어,238
before1970,238
오디오,237
밴드음악,237
남자친구,237
제주,236
movie,236
정서발달,236
스웨그,235
주제가,235
리얼리티,234
밤사,234
센치한날,234
묵상,234
jyp,233
sg워너비,233
트랜드,232
is,232
나를,231
데일리,231
팝록,230
시대별,230
나른나른,230
가스펠,230
세부장르,230
옥타곤,229
추천노래,229
거리,229
봄나들이,229
뉴트로,228
나이트,228
힘핏,228
꽃놀이,228
홀리데이,228
윤상,228
노르웨이숲,228
명곡모음,227
기록,227
보라,227
흐림,227
방구석,227
포근함,227
retro,227
이센스,227
latin,227
질주,226
경음악,226
휴식이필요할때,226
잘때,225
인디록,225
반려견,225
합정역5번출구,225
여름휴가,225
대장,224
따스함,224
힐링음악,224
travisscott,224
등교길,223
운전할때,223
신난다,223
육아,223
일랙트로니카,223
뿜뿜,223
먹먹,222
도전,222
인피니트,222
박재범,222
크루,222
주점,222
위안,221
파워워킹,221
songwriter,221
무한반복,221
5060,220
kxan,220
키즈,220
한가로운,220
슈퍼비,219
히트,219
소녀,219
우정,219
하드코어,219
케이윌,219
헤이즈,219
보컬리스트,219
vmc,219
랩힙합,218
회사,218
자유,218
짠내투어,218
playlist,218
나만아는,218
달빛,218
90년대노래,217
이루마,217
임영웅,217
키즈카페,217
트로피컬하우스,216
혼성그룹,216
공유,216
ost명곡,216
band,216
끈적끈적,216
단풍,215
kendricklamar,215
다시,215
순수,215
매력있는,215
풍경,215
윤아,215
퓨처하우스,215
가야씨,214
식케이,214
standard,214
듣기,214
선율,213
닥터드레,213
아리아나그란데,213
어벤져스,213
탱고,213
신혼일기,213
violin,213
잠못드는밤,212
버즈,212
제이지,212
엔시티,212
마음을가라앉히는,212
박정현,211
양고기,211
나른한오후,211
존좋,211
중독성있는,211
2015,211
훵크,210
인스트루멘탈,210
시상식,210
jm,210
나얼,210
박경,210
엔비,210
전곡재생,210
알바,210
노동,209
컴백,209
디깅,209
김광석,208
모아듣기,208
블러,208
웨하스구름,208
묘,207
나무,207
감기,207
외로울때,206
숨듣명,206
강력,206
도회,206
하나님,206
특이,206
산타,205
탑백,205
김건모,205
모임,205
dok2,205
샘옥,205
치명적,205
오전,204
신나고,204
크로스핏,204
해외음악,204
귀정화,204
깊은밤,204
guitar,203
이야기,203
6월,203
아이오아이,202
불안,202
띵곡만,202
장희,202
시부야,202
우원재,202
연남동,202
책읽기,202
fx,201
보이스,201
겨울노래,201
기운,201
갓세븐,201
묵직,201
모차르트,201
젝스키스,200
블루,200
담백,200
최애,200
클러버,200
나만알고싶은노래,200
따사,200
현악,200
soundtrack,199
보헤미안랩소디,199
칵테일,199
그린데이,199
인기가요,198
postmalone,198
elec,198
twice,198
블랙핑크,198
제목,198
송라이터,198
컨츄리,198
애시드,198
8살,198
복음성가,198
하반기,198
꿀꿀,197
펜타포트,197
힘든,197
코드쿤스트,197
퇴폐적,197
흑인소울,197
매장브금,197
햇살품은,197
가사없는노래,197
청하,196
아이폰,196
사랑노래,196
백지영,196
머라이어캐리,196
로컬,195
매력적,195
팝송을,195
외국록,195
괜찮아,194
폭발,194
그립다,194
위스키,194
싱숭생숭,194
월디페,194
블랙아이드피스,194
이수,193
안영민,193
날씬,192
weeflow,192
래칫,192
몬스타엑스,192
안녕하세요,192
파우푸,192
혁오,191
듣기편,191
답답할때,191
두근,190
팔로알토,190
등교,190
musical,190
소원,189
서울재즈페스티벌,189
청아,189
autumn,189
라라랜드,189
시험기간,189
도움,189
밤하늘,188
픽사,188
꽃길,188
슬기,188
god,188
여운작업,188
소확행,188
하우스음악,188
런닝머신,187
디저트,187
해외알앤비소울,187
히사이시조,187
먼데이키즈,187
jpop모음,187
슴픔,187
햇살좋은날,187
rip,186
올라운드,186
가곡,186
행사,186
jmc,186
색소폰,186
플라스틱,186
대중적,186
잔잔한곡,186
프렌치팝,186
brunomars,185
역대급,185
빅밴드,185
경리단길,185
대학,185
더리사우스,185
얼터너티브록,185
적막,185
그리워,185
코다라,185
황성제,184
10cm,184
weiv,184
예리,184
까페음악,184
xxl,184
김범수,184
10대,184
제이어스,184
슬플때,183
스무살,183
alanwalker,183
귀가,183
거장,183
이거나,183
youtube,183
커피샵브금,183
아프리카,183
듣기좋은노래,183
부산,182
춤출때듣는음악,182
가을감성,182
분위기전환,182
동백꽃필무렵,182
가야금,182
임창정,181
나혼자,181
북까페,181
누자베스,181
필수,180
비욘세,180
아우디,180
가면,180
어셔,180
음악앨범,180
페퍼민트,180
스페인하숙,180
넥스트,179
격려,179
팬송,179
졸업,179
어두움,179
퓨쳐,179
재현,179
쿨,179
edc,179
버스에서,179
칠웨이브,179
몽,178
이민혁,178
애,177
재조명,177
메킷레,177
득근,177
웬디,177
네온,177
향기,177
짬봉,177
어버이날,177
아미,177
가사없음,177
클래식명곡,177
btob,176
해피,176
졸음,176
izm,176
심심할때,176
디플로,176
아이콘,175
sjf,175
사클,175
데뷔곡,175
네오소울,175
기교,175
다비치,174
나이,174
기상,174
드레이크,174
리듬감,174
bossanova,174
boa,174
slowjam,174
방송,174
마이클잭슨,174
비오는날듣기좋은노래,174
1950,174
내한공연,174
힐링감성,174
좋아,173
음료,173
거미,173
라디오헤드,173
러시아,173
색감,173
주의,173
프듀,173
flex,173
score,173
언더그라운드,173
한파,173
좋은기분,173
다툼,172
라임,172
느린,172
불후의명곡,172
애플워치,172
놀라운토요일,172
뭄바톤,172
밤공기,172
기말고사,172
졸릴때,171
살랑살랑,171
록발라드,171
내맘,171
보물,171
추억의,171
영감,171
찾아오는dj,170
조용히,170
공간,170
코쿤,170
러닝머신,170
뭐듣냐,170
릴러말즈,170
듀엣곡,170
산촌편,170
조이,169
봄맞이,169
잔잔한음악,169
블랙,169
신예,169
자동차,169
사이키델릭,169
원스,168
오에스티,168
당당,168
석양,168
좋은노래추천,168
비타민,168
소울감성,168
바이올리니스트,168
알렌워커,168
멍하니,167
듣는,167
보석,167
유닛,167
휘트니스,167
명반명연주,167
미러볼뮤직,166
애정,166
폭염,166
다이나믹듀오,166
여자솔로,166
매혹적,166
랜덤재생,166
비올라,166
재디,166
곡들,166
lit,166
뽀로로,166
비르투오소,166
고창편,165
헤드폰,165
봄이,165
엔나나,165
김치,165
라운지바,165
준비,165
애틋,165
싱잉,165
다양한장르,165
뉴웨이브,165
파란,165
핑크퐁,165
타이틀곡,164
리듬앤블루스,164
가게음악,164
기분전환힐링송,164
wannaone,164
새벽에,164
인트로,164
스트레칭,164
뮤직박스,164
테마곡,163
밤산책,163
포크송,163
고양이,163
어덜트컨템포러리,163
스펙트럼,163
deephouse,163
자주,163
장르무관,163
궁궐,163
21세비지,163
프렌치몬타나,163
미래,162
선곡표,162
스탠더드,162
소프트록,162
발달,162
일상탈출,162
소장각,162
소설,162
퓨쳐베이스,162
일렉트로팝,162
elecronica,162
재밌는,161
마왕,161
가사가좋은노래,161
nb,161
첫사랑,161
요즘,161
dna,161
화나,161
남성,160
식사,160
파도,160
얼반,160
락페,160
작업실,160
실험적,160
화날때,159
지방,159
브라운아이즈,159
레인보우,159
에이프릴,159
오프닝,159
답답,159
테마,159
로살리아,159
쟌디,159
2030,158
다들,158
데일리팝,158
대학가요제,158
나영석pd,158
안개,158
자유로운,158
설리,158
사랑해,158
알라딘,157
생소,157
스테디,157
gray,157
규현,157
체인스모커스,157
앤써,156
야구,156
두유,156
유주,156
오피셜싱글,156
게임할때,156
자극,156
빵빵,156
낭만적,156
음악감독,156
산책하며듣는,156
필승불패,156
빠른,155
계속,155
이유,155
cool,155
아델,155
얼터너티브락,155
던밀스,155
정신수양,155
앤비,154
커피한잔,154
top100,154
아재,154
버스안에서,154
오디션,154
싱그러운,154
행동해,154
복고풍,154
다운템포,154
개성있는,154
용배,153
비장,153
이유진,153
휠링,153
이스트,153
이탈리아,153
황덕호,153
더운,153
서정성,153
가로수길,153
임산부를위,153
muse,152
2,152
djkhaled,152
기억조작,152
묻더,152
즐거운휴일나들이bgm,152
pbr,151
바운드,151
썸남,151
소울컴퍼니,151
잔나비,151
봄봄,151
armada,151
알앤비소울,151
상쾌함,151
센과치이로의행방불명,151
뷰민라,150
아늑,150
어센틱,150
저장,150
굿나잇,150
고통,150
명장면,150
내맘대로선곡,150
슈주,150
우탄,150
알콩달콩,150
김연자,150
웹진웨이브,149
에픽하이,149
무,149
엄지,149
볼빨간,149
알람,149
반복,149
커피한잔에어울리는,149
지루할때,149
넘버,149
방황,148
crush,148
아버지,148
권태기,148
윤,148
노력,148
화려,148
wooney,148
정신수양요가음악,148
멜로우비트,148
미야자키하야오,148
b1a4,147
엔딩,147
내적,147
예린,147
업뎃,147
힘든날,147
그대,147
소유,147
담담,147
외국노래,147
그리고,147
rm,147
greenday,147
윤도현,147
영탁,147
탑골,147
대한민국,147
흔들흔들,147
주관적,147
참여,147
인생의회전목마,147
케이인디차트,146
은하,146
혼자만의시간,146
avicii,146
차분함,146
1살,146
up,146
출퇴근길,146
그림,146
별빛,146
모타운,146
성시경,145
빨리,145
구름,145
실험,145
bop,145
해소,145
미니멀,145
히어로,145
야망,145
센터,145
감성충만,145
타린,145
브이로그,145
전통,144
양준일,144
힘이되는,144
디지,144
평화로운,144
맑은날,144
이기,144
blackhole,144
달달함,144
백예린,144
아이린,144
유쾌,144
등장,144
어깨춤,144
고요함,143
순위,143
봄에,143
기분up,143
이별노래,143
뮤직테라피,143
지침,143
황사,143
매장bgm,143
서태지,142
무한도전,142
feat,142
쿵쿵,142
온고지shin,142
사랑스러운,142
저장용,142
로드트립,142
색깔,142
젖뮤,142
이국적,142
감미로운음악,142
conductor,142
웃음,141
페퍼톤스,141
올티,141
요시,141
너무,141
위,141
개,141
웹진이즘,141
도깨비ost,141
부담없는,141
올림픽,140
질리지않는,140
shop,140
해외일렉트로니카,140
좋다,140
오승훈,140
비트감,140
유플래쉬,140
모노트리,140
강아지가좋아하는음악,140
관능,139
단체곡,139
예술,139
재달,139
스페,139
분위기up,139
즐거움,139
gg,139
수고했어요,139
동기부여,139
등등,139
groovyroom,139
아트록,139
한국대중음악상,139
디제이,139
스웨덴,139
친구랑,139
장민호,139
electonica,139
ciki,139
뱃사공,138
재지팩트,138
쌈디,138
무기력,138
봄봄봄,138
뇌파,138
다린,138
blues,138
grammy,138
둘새,138
베개송,138
염따,138
아기클래식,138
정동원,138
composer,138
발렌타,137
그루비룸,137
영어,137
썸녀,137
아무생각없이,137
달려,137
점심시간,137
스윗,137
훈훈,137
라나델레이,137
새로운음악,137
orgel,137
mcthemax,136
소망,136
개코,136
파이팅,136
앤덥,136
업살,136
mxm,136
운동할때듣는,136
초콜릿,136
셀린디온,136
스터디,136
스트록스,136
hiddenrnb,136
hiddentracks,136
상상,135
스탠다드,135
merrychristmas,135
생일,135
굿피플,135
흥얼흥얼,135
밀크티,135
빠져드는,135
thequiett,135
황현,135
레논스텔라,135
밝음,134
장나라,134
아이즈원,134
봄소풍,134
아이딜,134
제이호,134
bass,134
신년,134
배그,134
박보검,134
캠핑클럽,134
황찬희,134
txt,134
withyou,134
청불,134
조이크룩스,134
future,133
뉴스쿨,133
honne,133
new,133
기분좋음,133
목소리깡패,133
전화,133
휴양지에서듣고싶은,133
빅톤,133
차일디쉬감비노,133
실내악,133
민요,132
진짜,132
퓨처,132
young,132
다듀,132
돈까스,132
잠이안올때,132
모던,132
울컥,132
박효재,132
눈물나는,132
인디밴드,132
피치핏,132
소란,131
싸이키델릭,131
인디락,131
소몰이,131
dean,131
fromm,131
instrumental,131
내가좋아하는노래,131
멍멍,131
칠링,131
malcontent,131
탑골가요,131
추워,131
강수지,131
가사좋은노래,131
짙은,131
미녀와야수,131
비틀스,131
그런지,131
리짓군즈,130
블랭타임,130
취준생,130
파워업,130
현악기,130
슬픈가사,130
신상,130
앨범커버,130
레이디가가,130
pop추천,130
연말연시,130
힘나는,130
이달의소녀,130
시대불문,129
엄정화,129
스탠딩에그,129
민현,129
아리아,129
신스,129
우효,129
올디스,129
록추천,129
하이브리드,129
레베럽,129
redvelvet,129
헬스음악,129
묻고,129
아기의통잠을위,129
workout,129
후렴,128
깨끗,128
재지,128
좋음,128
중화권,128
편하게,128
지아,128
이지리스닝,128
지나간노래를,128
사운드클라우드,128
뮤즈,127
청음,127
카페뮤직,127
mc몽,127
존레전드,127
하루종일,127
벚꽃놀이,127
작업곡,127
vibe,127
콜렉션,127
100,126
우주소녀,126
2pac,126
happy,126
소시,126
1978,126
영혼,126
정화,126
특정아티스트전곡,126
더블로가,126
찬스라,126
disney,126
animation,126
술과음악,126
악기,126
론뮤직,126
라이온킹,126
전진,126
봄의왈츠,126
베드룸팝,126
코믹스,125
90년생,125
투팍,125
migos,125
국합,125
차가운,125
노홍철,125
라푼젤,125
케샤,125
가사없는음악,125
애기,125
girlgroup,124
드렁큰타이거,124
cpop,124
before1960,124
프레디머큐리,124
kshmr,124
국외영화,124
나만알기아까운,124
신남주의,124
멜로디좋은,124
odee,124
다채로운,124
주인공,124
겨울왕국,124
만화영화,124
인어공주,123
문희준,123
묘니3,123
소니클래시컬,123
내꺼,123
빵집,123
칸초네,123
nas,123
고급스런,123
봄캐럴,123
빌보드차트,123
해외합합,123
사회비판,123
남자그룹,123
monotree,123
딥플로우,123
한국가요,123
총정리,123
볼륨업,122
난로,122
스타,122
edsheeran,122
절절,122
xxxtentacion,122
내마음,122
갱스터랩,122
제이레빗,122
투모로우바이투게더,122
페스티발,122
취저보이,122
회복,122
정말,122
차이코프스키,122
요절,122
아일랜드,122
오감만족,122
김수찬,122
가호,121
빅라이트비츠,121
공격,121
간식,121
꿀맛,121
락페스티벌,121
콰르텟,121
푸른밤,121
쟈니,121
죽음,121
치맥,121
은혜로운,121
파랑,121
매일업뎃,121
펜타곤,121
노래좋아요,121
폴킴,121
감성적,121
곽철용,121
공상온도,121
정서,121
지금,120
벅차오르는,120
기념일,120
야릇,120
액션,120
갓띵곡,120
스웨디시,120
잼팩토리,120
jbj,120
가슴아픈,119
내일,119
학교,119
주석,119
입학,119
우리,119
개인적취향,119
20주년,119
슈베르트,119
bigsean,119
사계,119
8090세대,119
연초,119
즐겨찾기,119
cozy,119
해쉬스완,119
uneducatedkid,119
유작,119
nujabes,119
앤디,119
내마음의사진,119
드뷔시,119
바로크,119
노땐스,118
산들,118
한요,118
3년,118
깡패,118
alesso,118
버닝썬,118
illionaire,118
명가수,118
나비,118
패션쇼,118
무난,118
근육,118
걸스데이,118
선교,118
키비,118
335,118
고마워,118
avcii,118
스웨디쉬팝,118
졸음퇴치,118
에릭,118
저스티스리그,118
아가,118
합창,118
멜로망스,117
씨스타,117
멜론차트,117
허각,117
통통,117
신난,117
가정의달,117
생각정리,117
음악성,117
826,117
jcole,117
오리엔탈,117
forever,117
청각,117
의류매장,117
김나박이,116
담배,116
한국힙합,116
비트메이커,116
키즈클래식,116
씨잼,116
언프리티랩스타,116
도심,116
사랑의재개발,116
조명섭,116
하프,116
몽환적인노래,115
오왼,115
모든장르,115
디자,115
역시,115
서점,115
소울풀,115
뒹굴뒹굴,115
하이네켄,115
tropicalhouse,115
걸을때,115
자우림,115
스타벅스,115
젊은친구,115
볼빨간사춘기,115
스쿼트,115
공포,115
떨림,115
스타맨,115
rough,115
restinpast,115
새학기,115
휘트니휴스턴,115
마이애프터눈,115
period,115
다이아,114
어머니,114
1985,114
오월천,114
작업하면서,114
강추,114
파티음악,114
현빈,114
확,114
유로팝,114
galantis,114
올해의앨범,114
마음에,114
리메이크곡,114
애니매이션,114
테크닉,114
로꼬,113
단골집,113
요정,113
이문세,113
영웅,113
민냥,113
에너제틱,113
보석같은노래,113
격렬,113
플렉스,113
엔시티의나잇나잇,113
earlysoul,113
새봄,113
글램록,113
고향,113
쇼맨,113
주다사,113
리플러스,113
힐링송,113
적적함,112
투유프로젝트,112
흥나는,112
라흐마니노프,112
중국,112
tv별책부록,112
스파이더맨,112
신사답게,112
서은광,112
이창섭,112
이정현,112
컬러링,112
수영장,112
제시카,112
어이,112
밴드사운드,112
조윤경,112
귀향길,112
첼리스트,112
영어동요,112
서현,111
이재원,111
상념,111
토이,111
얀키,111
fanxychild,111
메리,111
움프,111
다솜,111
고딩,111
station,111
이적,111
gonzo,111
다양성,111
오리지널사운드트랙,111
이수영,111
어둠,111
가볍게듣기좋은노래,111
레게톤,111
blockb,111
양요섭,111
브람스,111
이소은,111
멜론선정,111
chansline,111
수면제,111
집순이를위한bgm,111
장우혁,110
안승호,110
1위,110
옥상달빛,110
도쿄,110
떠나요,110
내가좋아하는음악트랙,110
원필,110
릴웨,110
쌈바,110
포스트밥,110
빈첸,110
육성재,110
내노래,110
태사비애,110
위아원,110
썸남썸녀,110
두뇌,110
안칠현,109
top20,109
거친,109
boombap,109
금밤,109
스벅,109
swing,109
이승환,109
핑거스타일,109
백업,109
팬텀싱어,109
운치,109
나만의차트,109
country,109
리듬타기좋은,109
몰라,109
마돈나,109
reggae,109
가을노래,109
인권,109
housemafia,109
김동완,109
애수,109
따뜻한노래,109
전직디제이,109
빡센,108
현대음악,108
기생충,108
리베카,108
흔하지않은노래,108
한남동,108
울림,108
심플,108
즐겁게,108
neosoul,108
일할때듣기좋은노래,108
느긋,108
큐브,108
nell,108
주님,108
tvxq,108
청순,108
까페에서,108
최자,108
솔로곡,108
김소유,108
당당하게,108
마일드,108
신혜성,108
nowplaying,108
터보,107
케이티페리,107
한가득,107
비범,107
하드,107
이벤트,107
사랑설렘,107
애즈원,107
qa,107
가슴아픈노래,107
권이,107
시대,107
애절함,107
씨노,107
들어라,107
조용한노래,107
벚꽃엔딩,107
6070,107
이원,107
멋스러움,107
zarararsson,107
울음,107
1248,107
도로,107
야상곡,107
밝고,106
늦잠,106
무한궤도,106
1000곡,106
원더걸스,106
ioi,106
성종,106
notorious,106
빌보드hot50,106
선별,106
태형음악,106
향긋,106
센치함,106
일렉트로스윙,106
해외팝,106
흰눈,106
즐겨듣는,106
기타리스트,106
대딸각,106
setlist,106
김현정,106
1485,106
good,106
이민우,106
글리치,106
청춘시대ost,106
콩닥콩닥,105
강타,105
아카데미,105
아비치,105
웨스트,105
자작곡,105
단조,105
나만,105
스토리,105
eone,105
늦봄,105
휘파람,105
도시적,105
레벨업프로젝트,105
라인댄스,105
비발디,105
bml,105
tyga,105
룸메이트,105
김현철,105
부활,105
장소,105
아니메,105
가인이어라,105
끌리는,104
스트리밍,104
스캄,104
안알려진노래,104
쎈언니,104
백건우,104
북유럽,104
호텔델루나,104
그래도,104
국내음악,104
나몰라,104
멍때리기,104
편안한명상을위,104
공간감,104
그것은,104
자연의소리,104
청혼,103
비트겐슈타,103
플라이투더스카이,103
수퍼비,103
coffee,103
캠퍼스,103
ot,103
진지,103
버디,103
파프롬홈,103
dpr,103
세련미,103
에일리,103
디스윅스,103
좋아하는,103
내면,103
감성발라드,103
정다경,103
서지음,103
브리티시,103
아련함,103
3105,103
아이작던바,103
앤트사운더스,103
박지윤,102
문차일드,102
sm엔터테인먼트,102
미용실,102
movement,102
일리닛,102
나만의,102
선미,102
효린,102
더리사운드,102
편지,102
화창한날,102
남자아이돌,102
디스타,102
가사좋은,102
퓨베,102
행주,102
아바,102
상반기결산,102
윤식당시즌2,102
레인즈,102
컨트리팝,102
바비,101
신효섭,101
장범준,101
스피커,101
교양,101
운명,101
락추천,101
여러가지,101
새벽공방,101
집가는길,101
해리스타일스,101
abba,101
저스틴비버,101
컬러플레이리스트,101
네이버,101
히든싱어,101
시대극,101
8281,101
liluzivert,100
emo,100
개운,100
monocrom,100
mamamoo,100
ek,100
맥주한잔,100
저격,100
존윌리엄스,100
트렌디팝,100
snsd,100
공유해요,100
방안에서,100
흐린,100
보고싶은,100
부드러움,100
신용산,100
웅킴,100
예능판미생,100
끌림,100
충만,100
팝플레이리스트,100
업데이트중,100
솔컴,100
콩쿠르,100
2018노래,100
아카펠라,99
b급,99
소통,99
누엔,99
프러포즈,99
잘자요,99
축하,99
매장에서,99
dark,99
버닝,99
friday,99
5tardium,99
spinninrecords,99
게임음악,99
고생함,99
techno,99
punk,99
깊은밤에,99
100곡,99
잊지않겠습니다,99
스무스,99
엄마아리랑,99
최신인기동요,99
대중가요,98
힘찬,98
10년전,98
realslow,98
슴스테,98
포크록,98
포크음악,98
괴물,98
피오,98
japan,98
도마,98
휘슬,98
깊이있는,98
skrillex,98
아이비,98
릴랙스,98
grboy,98
감석적인음악,98
tokyo,98
잔잔한연주곡,98
1위곡,97
컬렉션,97
나인뮤지스,97
에드시런,97
티아라,97
검정치마,97
슼샄,97
때껄룩,97
라쳇,97
jaypark,97
대박,97
불꽃심장,97
햇빛,97
나만알것같은,97
임현식,97
이선희,97
tjr,97
한해,97
한잔,97
그르부,97
girlsgeneration,97
eminem,97
듣자,97
편견버린,97
스타렉스,97
yoyo,97
분위기즐기는장소,97
여자노래,96
배경,96
정독,96
기네스,96
늦여름,96
케롤,96
수요일,96
음악다방,96
춤추고싶은노래,96
더기,96
화지,96
잡종,96
운전중,96
모든록,96
호소력,96
신입사원탄생기,96
너에게,96
야외,96
1st,96
이것저것,96
j팝,96
캘리포니아,96
비스메이저컴퍼니,96
스위트,96
오래오래사랑하자,96
bredy,96
sikk,95
노라존스,95
syd,95
에이틴,95
수고,95
즐감,95
연인이랑,95
정승환,95
반전,95
비밀,95
kanyewest,95
내적댄스유발,95
정열,95
보석같은곡,95
추천팝송,95
월아,95
옛날팝,95
위로가필요할때,95
팝발라드,95
손동운,95
김소리,95
고혹,95
서핑,95
연인과,95
opera,95
십자가,95
영비,94
말랑말랑,94
minu,94
심규선,94
피서,94
thunderground,94
화요비,94
화끈,94
민경훈,94
다모임,94
신나신나,94
음악여행,94
수련회,94
선곡리스트,94
엄선,94
소프트,94
명불허전ost,94
피아노음악,94
예능bgm,94
weareone,94
나훈아,94
취향저걱,94
ani,94
starex,94
millham,94
등산,93
3,93
새로운시작,93
연습,93
필청곡,93
브로드웨이,93
장마철,93
테스트,93
씐나,93
ses,93
입덕,93
예지,93
사귀자,93
got7,93
미디움템포,93
보컬그룹,93
예은,93
온앤오프,93
인연,93
춘곤증,93
사랑해요,93
퓨처리스틱스웨버,93
숨겨진블랙뮤직,93
한올,92
과일,92
예습,92
배치기,92
프리스타일,92
유권,92
혼자만의,92
tbny,92
에그,92
남준,92
친근,92
아이슬란드,92
감성곡,92
강아솔,92
이태원클라쓰,92
짜릿,92
스테디셀러,92
hipster,92
bounce,92
빌보드핫100,92
코지팝,92
game,92
밤에듣기좋은,92
마멀레이드키친,92
진성,92
어게,92
서울의달,92
holy,92
자장송,92
orchestra,92
iceblouie,92
언에듀케이티드키드,92
kidmilli,91
그레고리포터,91
자이언티,91
샤캐,91
합정,91
50곡,91
라인업,91
잡탕,91
안흔,91
u2,91
살사,91
nuest,91
바닷가,91
안녕하신가영,91
martingarrix,91
크리스브라운,91
출근송,91
나만의취향,91
격정,91
여자그룹,91
집돌이,91
함께한다,91
노블레스,91
마리슈,91
모든것,91
gxxd,91
보이밴드,91
마음을감싸주는,91
나영석,91
kozypop,91
flavordash,91
뛰어,90
역사,90
도운,90
윤건,90
lp바,90
cbmass,90
90년대생,90
휴식힐링,90
onelove,90
오묘,90
디제잉,90
광활,90
오아시스,90
굿밤,90
빈티지샵,90
신발가게,90
유튜버,90
오늘뭐듣지,90
월드컵,90
예지앞사,90
제이콜,90
씹고,90
잘자,90
롤러장,90
시즌2,90
왈츠,90
feel,90
상어,90
전환,89
락킹,89
winner,89
월급,89
신승훈,89
농구,89
슈퍼스타k,89
워너블,89
오늘의선곡,89
트럼펫,89
오토튠,89
번안곡,89
세기말,89
톡톡,89
edmfloor,89
저항,89
라틴팝,89
김호중,89
역주행송,89
수면유도,89
progressive,89
심신안정,89
돌봄,89
힐링이필요할때,89
조수미,89
레퍼토리,89
이브,88
나의,88
프로필,88
기대,88
v앱,88
창밖,88
두아리파,88
여자랩,88
반성,88
요가음악,88
비기,88
수상작,88
사계절을,88
참가자,88
study,88
뜨거운,88
듣게될,88
starman,88
느와르,88
누리과정,88
구하라,88
오드퓨처,88
산책할때,88
카리스마,88
우울할때듣는노래,88
표절,87
나다,87
재효,87
잡다,87
일상속,87
긴장,87
적당,87
가을날,87
lilnasx,87
정성하,87
서울대,87
black,87
루비레코드,87
피아노곡,87
bigbang,87
노래교실,87
시원함,87
향기를,87
애니메이션ost,87
숙행,87
rnb소울,87
엘튼존,87
스피드,87
라운지음악,87
최고의노래,87
궁금증유발,87
졸음방지,87
창작동요,87
더블케이,86
랩송,86
엔돌핀,86
리프레쉬,86
멤버,86
팬톤,86
퍼플,86
la,86
칠합,86
아시아,86
봄향기,86
무작정걷기,86
칼리드,86
피로,86
electronicpop,86
바람이분다,86
내맘대로골라넣은,86
펑크록,86
유키구라모토,86
실수,86
테일러스위프트,86
송재엽,86
futurebass,86
네오,86
crossover,86
폴문,86
개신나는노래,86
mellow,86
깊은,86
편안한음악,86
공주님,86
불면증치유송,86
교과서동요,86
조용하게,85
simondominic,85
늙은이,85
오글,85
멜로,85
기운내,85
브이앱,85
와인바,85
데일리뮤직,85
나가수,85
심심,85
2월달,85
인스트,85
프렌치,85
비교,85
beenzino,85
용준형,85
팝의여제,85
막스리히터,85
젊은,85
두달뒤에,85
태민,85
처음들어도좋은곡들,85
이지혜,85
rainy,85
보이콜드,85
리슨,85
쉬는날,85
카밀라카베요,85
푸드송,84
덕질,84
사이드비,84
골든에라,84
남여,84
망플,84
glee,84
들국화,84
소환,84
샤넬,84
한대음,84
개화,84
눈사람,84
힙한곡,84
트랙,84
남자아이돌의,84
애플,84
들으면,84
매드홀릭,84
여긴어디,84
정일훈,84
칠뮤직,84
lauv,84
환절기,84
훅좋은,84
연인과함께,84
원어스,84
easy,84
달나라,84
블루스록,84
우월한기럭지,84
헤어나올수없음,84
빌런,84
뱃속의,84
예서,84
tv동요,84
율동동요,84
브로콜리너마저,83
프라이머리,83
써니사이드,83
혼자서,83
우오가,83
한국영화,83
멋짐,83
서사무엘,83
집중할때,83
보고싶어,83
팝들,83
2play,83
장문복,83
수묵,83
배고파,83
세트리스트,83
리수,83
한솔,83
쇼미7,83
긍정적,83
잡pop사전,83
오버워치,83
아메바컬쳐,83
록밴드,83
옛날팝송,83
blur,83
슈가송,83
밤샘,83
비긴어스,83
일렉트로닉pop,83
이색,83
좋아요1000이하,83
thexx,83
추천선곡,83
겨울비,83
태일,82
럭키,82
스밍,82
sonyclassical,82
히든곡,82
electro,82
4살,82
nb2,82
소프라노,82
트레이닝,82
미묘,82
노츄,82
탈선,82
멜론티켓,82
힘내라,82
아무노래,82
화요일,82
댄스음악,82
제이락,82
절친,82
연예,82
최신가요,82
화이트데이,82
이제,82
zigzag,82
일본애니,82
탑골공원,81
신나는곡,81
wheesung,81
제이,81
예뻐,81
결혼식,81
인기있는,81
메들리,81
투지,81
싱글,81
힘내자,81
힙클,81
투어,81
오타디움,81
boyband,81
감성노래,81
남자솔로,81
같이들어요,81
낙코,81
마틴게릭스,81
컨트리락,81
사랑의,81
오늘의추천가수,81
영국음악,81
런던노이즈,81
친구들,81
mellowbeat,81
오대천왕,81
gmf,80
건반,80
아직넣지못한노래가,80
찰리푸스,80
붸붸,80
투빅,80
공유하고싶은음악,80
charlieputh,80
분위기좋은,80
암기,80
올드록,80
감성충전,80
futurehouse,80
다같이,80
worldmusic,80
rihanna,80
drama,80
팬덤,80
hits,80
스트릿,80
허클베리피,80
케미,80
sleep,80
gorillaz,80
rnbsoulr,80
창문,80
유기농,80
분수,80
쏘카,79
전지음악,79
남자노래,79
후보작,79
시,79
모두에게알려주고싶은노래,79
rmusic,79
황홀,79
식욕,79
labelpick,79
아픈,79
아아,79
핫트랙,79
onedirection,79
엑스원,79
청량하게,79
하이에나,79
bestofbest,79
산책산,79
소름,79
beyonce,79
blue,79
1919,79
발레,79
프리티머치,79
상쾌해지는,79
최신노래,79
인디뮤직,79
한번쯤들어봤던노래,79
밥말리,79
공부할때듣기좋은,79
딩고뮤직,79
순종,79
살롱,78
편집,78
mc스나이퍼,78
믹스,78
사이먼도미닉,78
도토리,78
루돌프,78
놓치기싫은노래,78
5살,78
달달하게,78
라비,78
떼껄룩,78
차한잔,78
스카이캐슬,78
집으로,78
적재,78
건강챙기세요,78
따뜻하게,78
우수,78
가즈아,78
로시,78
크루셜스타,78
양홍원,78
여성그룹,78
사랑통장,78
겨울나기,78
마미손,78
친구와,78
무중력,78
조용필,78
비가오는날엔,78
akb48,78
무의식,78
frank,77
80년생,77
미생,77
태풍,77
들어봐,77
짜증날때,77
통과쨀리,77
빵빵터지는,77
오레오,77
호텔라운지,77
썸타는사이,77
음잘알,77
인디그룹,77
방송곡,77
늦가을,77
혼맥,77
mflo,77
쳇베이커,77
chic,77
보라해,77
파워dj,77
걸스락,77
걸스록,77
이진,76
슈게이징,76
동네,76
뮤직트랙,76
가끔,76
효도,76
사진,76
눈내리는날,76
저음,76
em,76
가사로듣는,76
쿵짝쿵짝,76
nba,76
나홀로,76
여신,76
한동근,76
king,76
티파니,76
디제이초이스,76
디자이너,76
손님,76
수란,76
80년대록,76
외국음악,76
윤혜수,76
용감한형제,76
걸즈락,76
걸즈록,76
모티,75
한성집,75
양파,75
psy,75
김효은,75
드렁크타이거,75
듣는음악,75
sf,75
부담없이,75
arianagrande,75
느낌있는음악,75
오웬,75
모름,75
linkinpark,75
역동적,75
학습,75
핫초코,75
밝은노래,75
멜론dj,75
12월25일,75
마이너,75
힙한음악,75
더뱀프스,75
권태,75
감사하다,75
유아,75
쿠바,75
싸이월드bgm,75
슬기로운감빵생활ost,75
jayz,75
추운날씨,75
꿀장,75
패션숍,75
레인부츠,75
warm,75
ovo,74
낰낰,74
스엠,74
포텐,74
ikon,74
페이버릿,74
투명,74
acidjazz,74
우먼,74
숨은보석같은곡들,74
마카오,74
시골,74
에뛰드,74
후유증,74
박명수,74
시즌3,74
2화,74
세계,74
raesremmurd,74
반항,74
쌈자,74
너의일기장,74
우쿨렐레,74
bap,74
더블트러블,74
하이킹,74
어번,74
데드풀,74
데이빗보위,74
ofwgkta,74
golfwang,74
외국음악추천,74
해리포터,74
놀이동산,74
슈만,74
연주노래,74
루즈,73
3040,73
호주,73
만우절,73
초음,73
조성모,73
시카고,73
봉준호,73
집밥,73
갤러리,73
김나영,73
클라라주미강,73
잠들기전에듣는노래,73
ksks,73
가사가좋은,73
후폭풍,73
록음악,73
소박,73
신현희,73
성유리,73
옥주현,73
생각많을때,73
만화주제가,73
이사,73
윤두준,73
가을하늘,73
뚠뚠,73
브리트니스피어스,73
넘쳐흘러,73
알고보니혼수상태,73
맛있는,73
훵키,73
많은곡수,73
관현악,73
쌈마이웨이,73
noel,73
영화제,73
지소앞소영소,73
산울림,73
1987,73
장준혁,73
북국성,73
믿듣미,73
몽롱한음악,73
갓마무,73
뮤덕,73
내스타일,73
켈트음악,73
조규찬,73
nino,72
퇴사,72
5화,72
1930,72
기분좋게,72
015b,72
김종국,72
세계여행,72
문자,72
미소,72
제,72
햄티비,72
일렉트릭팝,72
relax,72
ill,72
카디비,72
합합,72
케이팝스타,72
해외락,72
run,72
언니,72
퍼옴,72
그때그장면,72
샤우팅,72
독서할때,72
바람에날려,72
꽃구경,72
홍대클럽,72
동행,72
대중화,72
khiphop,72
치킨,72
작업음악,72
슈가맨3,72
기분좋은하루,72
아득,72
그냥듣는노래,72
간질간질,72
motown,72
이글스,72
공부할때듣는음악,72
김태형,72
뒹굴,72
쎄씨봉인듯쎄씨봉아닌,72
따듯함,72
누디스코,72
호캉스,72
chanson,72
리얼북,72
정서적효과,72
드라이브할때신나는노래,71
태양,71
멜로우힙합,71
다이애나크롤,71
한스짐머,71
jae,71
힙알못,71
외로운날,71
morning,71
일레트로닉팝,71
업템포,71
음악영화,71
경만,71
스페셜,71
sick,71
city,71
공유곡,71
lalala,71
징글벨,71
후련,71
electropop,71
산뜻함,71
4월신곡,71
고백송,71
회개,71
방지,71
마바사,71
숨은노래,71
감성랩,71
음색좋은,71
걸넥스트도어,71
vangdale,71
pc방,71
타요,71
아련하게,71
퇴근송,71
센스선곡,71
힘이들때,71
미남,71
더갓,71
n46,71
히즈윌,71
율동,71
따뜻한음악,71
게임할때들으면좋은음악,71
아신,71
장우생,71
oner,71
비비안수,71
우상연습생,71
plt,70
클릭비,70
여러장르,70
2세대,70
무작위,70
wm,70
스물,70
끈적한노래,70
몰입,70
소중,70
386,70
film,70
kyle,70
범키,70
메탈리카,70
스텝업,70
김종성,70
시규어로스,70
뮤콘,70
초가을,70
팝스타,70
머스타드,70
싸이퍼,70
코요태,70
영상,70
슬퍼,70
좋아하는노래,70
meme,70
악플금지,70
아프로잭,70
지누락엔터테인먼트,70
raphiphop,70
페이스,70
은종,70
빌리아일리시,70
우중충,70
마음이안정되는,70
센티,70
rock추천,70
라벨,70
연애세포,70
2살,70
40027091,70
우리집배경음악,70
meraki,69
듀스,69
성공적,69
추울때,69
노랫말,69
까페에서듣기좋은노래,69
radiohead,69
신서유기,69
퓨전음악,69
더리싸우스,69
나pd,69
핫플레이스,69
oldies,69
백호,69
스튜디오,69
기억의공유,69
격렬함,69
즉흥,69
노래활명수,69
문학,69
트래비스스캇,69
학원물,69
터지는노래,69
사뮈,69
하드록메탈,69
젠트리피케이션,69
시련,69
조우찬,69
맛보고,69
처음처럼,69
디앤비,69
근무,69
yogotti,69
꽃파당,69
밤엔,69
애니극장판,69
극장판ost,69
정주행,69
더유닛,69
촉촉하게,69
결정판,69
앰비언트,69
위로곡,69
시크릿,68
낭만열차,68
감각있는,68
웨딩,68
올드락,68
엔딩곡,68
이완,68
린킨파크,68
울고싶은날,68
구독해요,68
언제,68
고전음악,68
atlanta,68
현실,68
시간여행,68
안녕다니엘,68
치타,68
두근거림,68
우탱,68
nigga,68
힘내세요,68
운동하기,68
9시간,68
애리,68
에어팟,68
2월신곡,68
그대가분다,68
레베카,68
추억의노래,68
재회,68
고릴라즈,68
카페노래,68
어벤저스,68
브릿락,68
신보라,68
랏밴뮤,68
멜론명반,68
이달소,68
요요마,68
빌에반스,68
마음이따뜻해지는노래,68
기분전횐,68
선물하는,68
힐송,68
사순절,68
9살,68
너의이름은,68
올드앤뉴,68
시대를앞서간,68
종교음악,68
타루,67
채영,67
수능금지곡,67
쇼미더머니7,67
영드,67
악동뮤지션,67
작가주의,67
빌보드핫차트,67
축복,67
미움,67
분위기띄울때,67
싼타,67
음색종결자,67
zedd,67
daily,67
jy,67
supreme,67
캐릭터,67
송년회,67
뉴호프클럽,67
태티서,67
템포,67
브라운아이드걸스,67
lowlypalace,67
노을지는,67
fettywap,67
취업,67
와블,67
녹두전,67
oldsong,67
bj금복남,67
beautiful,67
춤추고싶을때,67
lonmusic,67
밥딜런,67
뮤지션의뮤지션,67
윤식당bgm,67
독주,67
애상,67
멕시코,67
고막,66
도레미마켓,66
팬시차일드,66
포미닛,66
치즈,66
꽁냥꽁냥,66
그땐,66
집안일,66
알려지지않은,66
테이프,66
포스트말론,66
maroon5,66
정리,66
mc,66
건대,66
써클,66
너바나,66
gym,66
휴양,66
해산,66
해체,66
mustard,66
눈물날때,66
dontoliver,66
아스트로,66
빌리,66
졸음운전예방,66
설경,66
케이시,66
집사부일체,66
시차,66
알리고싶은pop음악,66
응팔,66
흐앤므,66
끈적함,66
조동진,66
한류,66
tech,66
바흐무반주,66
논란,65
슈가볼,65
에쵸티,65
오스트,65
신이나,65
나는,65
과즙,65
성운,65
정기업뎃,65
에어로빅,65
몸짱,65
1988,65
이승철,65
멍할때,65
현피꼼장어,65
피해의식,65
하하,65
잠시,65
옛날감성,65
생일축하해,65
소프,65
이기광,65
kyt,65
예정,65
bewhy,65
제10회,65
마이노스,65
수면송,65
민트페이퍼,65
myway,65
weed,65
레벨,65
플룻,65
펜타토닉스,65
가왕,65
금요일밤,65
센스있는,65
propose,65
양창근,65
90srnb,65
나침반,65
뭐가뭔지모를때,65
성탄축하,65
랩소디,65
오빠들,65
마리아칼라스,65
중국아이돌,65
중국음악띵곡,65
춥다,64
이스란,64
poprock,64
물씬,64
동물,64
6살,64
락메탈,64
teenager,64
샘스미스,64
라멜리아,64
프로그레시브록,64
줌바,64
남자발라더,64
외국곡,64
새소년,64
상큼함,64
비행,64
난지한강공원,64
진영,64
수다,64
군,64
ratchet,64
chistmas,64
만개,64
하루끝,64
멈블랩,64
천관웅,64
에너지충전,64
원조,64
주말에,64
한밤중,64
fifa,64
이루펀트,64
류혜영,64
버벌진트,64
에픽,64
컨템포러리,64
멋짐주의,64
최신pop,64
아이돌의숨은명곡,64
unb,64
sheckwes,64
스테이션,64
미러볼픽,64
하유비,64
도이치그라모폰,64
유니콘,64
코가손,64
한밤,64
나연,63
시그널,63
빠른노래,63
트렌,63
다크나이트,63
리스타트,63
서니,63
단체,63
뉴스룸,63
들썩,63
시트콤,63
선우정아,63
kygo,63
무언가집,63
올라퍼아르날즈,63
가사있는,63
얼마나좋았을까,63
아드레날린,63
띵팝,63
혼밥,63
wet,63
쉼표,63
너와의,63
잠잠히,63
목표,63
스피카,63
시즌송,63
스트리트,63
천재노창,63
대중성,63
베프,63
믹스나,63
종강,63
davidbowie,63
개인소장,63
jasonmraz,63
twitch,63
취침,63
트레일러,63
하늘의별,63
듣는노래,63
her,63
앨범아트,63
독특함,63
티치,63
마음안정,63
애니음악,63
한타용,63
첼로바이올린,63
빈필하모닉,63
tvn예능,63
콩순이,63
태교와육아,63
안전운전,62
웅이,62
재키와이,62
superbee,62
마감,62
하트,62
패트론,62
떠나고싶을때,62
올드송,62
잠깨기,62
배캠,62
달총,62
커머셜,62
정박,62
눈감고,62
구정연휴,62
식곤증,62
밤바다,62
celtic,62
퇴폐미,62
라,62
여름향기,62
9020,62
wybh,62
전투력,62
너와나,62
고고,62
빠데이,62
jamiroquai,62
chillsound,62
리얼,62
어디서들어본노래,62
앨리샤키스,62
마스터피스,62
아포방포,62
sexual,62
재즈팝,62
제네더질라,62
zoodasa,62
공중그늘,62
잠잘때듣는음악,62
둠칫,61
프로듀스,61
nafla,61
응원가,61
세레나데,61
손열음,61
수수,61
배순탁,61
들려주고싶은,61
남산,61
야외에서듣는피아노연주곡,61
빠른음악,61
장르음악,61
바보,61
솜사탕,61
sia,61
tiesto,61
더게임,61
newhopeclub,61
spyair,61
노래방에서,61
걸스,61
퇴사각,61
udc,61
연말파티,61
2bic,61
팝의여왕,61
아싸,61
탄산음료같은,61
ladygaga,61
타임리스,61
마이걸,61
월클돔,61
스릴러,61
컬래버레이션,61
대박나자,61
unique,61
명국,61
좋은곡들,61
트랜디하게,61
이모코어,61
딸바보,61
올해의음악,61
하모니,61
가을에,61
내가좋아하는,61
ldnnoise,61
언더커버,61
사무실에서,61
allyourdreams,61
trumpet,61
노래제목,61
사랑의불시착,61
걷고싶은날,61
예능음악,61
강아지가좋아하는,61
다현,60
핑크,60
jumf,60
인터스텔라,60
biggie,60
대화,60
일주일,60
일기장,60
6화,60
삭제방지,60
무중력소년,60
뉴홉클,60
가성,60
오열,60
김필,60
3월신곡,60
타임머신,60
트래비스스콧,60
수면음악,60
미안함,60
tiktok,60
재주소년,60
프니엘,60
체지방,60
에스프레소,60
기묘한이야기,60
아들,60
떠나자,60
휘,60
어서와이건처음이지,60
두근두근힐링타임,60
시바견,60
한국힙합변천사,60
수고하셨어요,60
아무행알,60
시작부터강렬,60
다브다,60
신승은,60
shinhwa,60
달달해,60
시각장애,60
렛잇고,60
원작소설,60
낭만주의,60
월드클라스,60
신년음악회,60
luv,60
클래식음악,60
한여름,59
런쥔,59
정세운,59
백아연,59
신부,59
asaprocky,59
영익,59
개발,59
함박눈,59
울적함,59
도넛맨,59
씁쓸,59
디스,59
오래된,59
소향,59
nme,59
hbo,59
플로우,59
hashswan,59
야식,59
캘빈해리스,59
시즌1,59
섹시함,59
개학,59
운전하면서,59
사이로,59
양다일,59
프카트윅스,59
오존,59
웅장하고,59
드라마bgm,59
하루키,59
sad,59
juicewrld,59
남진,59
제임스아서,59
워너뮤직,59
세젤힙,59
기사님,59
마니아,59
jmc엔터테인먼트,59
트레드밀,59
멜론키즈,59
너와,58
상관,58
모모,58
미나,58
사나,58
라붐,58
구구단,58
마마,58
키썸,58
리프레시,58
브라운아이드소울,58
1910,58
미처,58
누워서,58
팀워너,58
대만,58
안유명한노래,58
간절함,58
평범,58
최종라인업,58
내적그루브,58
나만의시간,58
live,58
arminvanbuuren,58
전통가요,58
돌아와요,58
지이,58
퓨처펑크,58
평화를,58
여자아이돌,58
캐나다,58
차붐,58
김진호,58
여성래퍼,58
혜영이,58
무적밴드,58
크리스탈,58
훈스,58
무무,58
prince,58
60년대록,58
외힙입문,58
데이비드보위,58
명상음악,58
개빡치네,58
황푸하,58
슈퍼밴드,58
메시지,58
팝의여신,58
우주비행,58
혼자있고싶을때,58
책읽으며듣는,58
문문,57
미유,57
무서운노래,57
클라우드랩,57
전주얼티밋,57
trip,57
미친,57
주디,57
영국차트,57
버스커버스커,57
흑형,57
mp3,57
흔들,57
슬픈날,57
k팝스타,57
여배우,57
헬스장음악,57
독서실,57
음악치료,57
굿모닝,57
커트코베,57
프로그레시브하우스,57
breakbad,57
감회,57
모닝송,57
기분좋은날,57
바꿔보자,57
감성감성,57
펑크락,57
radwimps,57
하나님께,57
girls,57
홍대클럽홍대엔비,57
hook,57
7화,57
타이가,57
트랜디한음악,57
음악의안단테,57
발굴,57
황혼,57
대중음악,57
칼로리버닝,57
어워즈,57
에디전,57
보컬없는음악,57
반복재생,57
에이스,57
세영,57
최애음악,57
붐뱁최강,57
꿀꿀할때,57
freetempo,57
보물창고,57
감기조심,57
소품,57
데블스도어,57
스토어,57
엘비스프레슬리,57
너무좋아,57
댄서블,57
미키,57
birdy,57
중간고사,57
호러,57
푸디토리움,57
꽃청춘,57
쩔어,57
촉각,57
우아하게,57
경연곡,57
개인의취향,57
halloween,57
파바로티,57
애니재즈,57
남녀듀엣,56
룰라,56
왁스,56
레드,56
코지보이,56
아방가르드,56
초록,56
영케이,56
로맨틱코미디,56
성진,56
힐림,56
중창단,56
pb,56
강식당,56
qqq,56
프로듀스48,56
기쁜,56
토르,56
루프리텔캄,56
팝송ost,56
바스타즈,56
많다,56
심수봉,56
컴백기원,56
exciting,56
하이틴ost,56
boombab,56
slow,56
좋아해,56
kcm,56
스토브,56
내껀데,56
송래퍼,56
상황,56
uspop,56
문득,56
여러가지장르,56
슈퍼맨,56
일본밴드,56
최고의하루,56
에코뮤직,56
boycold,56
스웨이드,56
더위탈출,56
일렉트로,56
주말밤,56
한국dj,56
미드템포,56
트롯트,56
감각적인비트,56
앙상블,56
songwriters,56
유니티,56
노스트라다무스,56
하우스뮤직,56
판소리,56
풍부,56
초여름,56
메디슨비어,56
명탐정코난,56
지그재그,56
신규앨범,56
나른할때듣는,56
뜨거운밤,56
힙한노래,56
seoulvibes,56
청담,56
owenovadoz,55
세상,55
생기,55
복싱,55
펀치넬로,55
배고픈건가,55
녹는거,55
숫자,55
수제맥주,55
별이,55
너에게들려주고싶은노래,55
비공개용입니다,55
beg,55
gloomy,55
top30,55
지은,55
쫑블리,55
흑백,55
올해,55
니은,55
두두,55
시옷,55
가요짱,55
가창,55
epop,55
벨기에,55
백현,55
코레오그래피,55
일할때듣기좋은,55
주노플로,55
디보,55
지민,55
time,55
rkelly,55
보헤미안렙소디,55
잡식,55
lastppaday,55
뉴요커,55
후렴구가좋은,55
신인가수,55
옴니버스,55
에이제이미첼,55
해변노래,55
gfriend,55
고퀄뮤직,55
음악사조,55
매장에서듣기좋은음악,55
물랑루즈,55
깊은잠,55
부담스럽지않은,55
nmb48,55
hiddentrack,55
워맨스,55
끈적한그루브,55
아련하고,55
british,55
달콤한노래,55
경이로운,55
심리치료,55
에이티즈,55
정진우,55
썸바디2,55
정신건강,55
위대한유산,55
강,54
싸움,54
청년,54
sbs,54
한글,54
영현,54
아프다,54
62회,54
현아,54
2012,54
김민수,54
구제샵,54
뒤죽박죽,54
인플리,54
와이돈위,54
현,54
롤라장,54
밤노래,54
고생,54
인상,54
ㅁㄴㅇㄹ,54
스눕독,54
강남클럽,54
마구마구,54
리뷰,54
참여곡,54
몰티드,54
flower,54
wjsn,54
지름신,54
한국적정서,54
앤마리,54
분신,54
열기,54
이정아,54
앰비션,54
op,54
compilation,54
dvsn,54
와이즈블러드,54
아기상어,54
주목,54
잘가,54
작업용,54
1940,54
가을향기,54
스윗튠,54
재택근무,54
aimer,54
무드있고,54
노곤노곤,54
박서진,54
비전캠프,54
프로디지,54
유앤비,54
기분전화,54
감동과환희,54
통기타ost,54
케이지,54
엔드게임,54
childishgambino,53
인디고,53
아이셔,53
괜히듣고뭐라하지마세요,53
의욕,53
르믹스의,53
노이즈,53
심신,53
홍잠언,53
classical,53
urban,53
age,53
성가,53
takealook,53
경외,53
낭만닥터김사부2,53
트립합,53
9화,53
달달한음악,53
다시볼수있기를,53
매거진b,53
열여덟의순간ost,53
rapgod,53
미고스,53
깔끔,53
진심,53
내가좋아하는동양풍가요들추천,53
외로워,53
입춘,53
추억소환,53
쇼미프로듀서,53
하교길,53
madonna,53
재미있는,53
전율,53
개러지,53
몰디브,53
돕플라밍고,53
sentimental,53
데이먼알반,53
맘마미아,53
popmusic,53
락밴드,53
concert,53
원디렉션,53
아들바보,53
스피닝레코드,53
썸탈때,53
2008,53
뽀송뽀송,53
쏘베리,53
잔치,53
키즈동요,53
바이올렛,53
여성뮤지션,53
태아에게,53
내인생수상작,53
고난주간,53
일하며,53
티티,53
vlive,53
yeseo,53
쌍문동,53
마더몬스터,53
하이든,53
fancy,53
goodnight,53
senti,53
jazzygroovy,53
잔잔하고,53
콘티,53
3화,52
의사,52
이런날엔이런음악,52
박진영,52
퀸덤,52
혼성,52
날짜,52
길거리,52
루시아,52
4,52
히든,52
김조,52
신박,52
야작,52
밤거리,52
힘든하루,52
배경음,52
진정,52
hnm,52
시즌,52
rockandroll,52
갠취,52
한국락,52
나스,52
명곡파티,52
그들,52
형을위,52
michaeljackson,52
컨셔스랩,52
한국랩,52
레미제라블,52
펀치,52
집에가는길,52
showmethemoney,52
어쿠스틱기타,52
공연의신,52
갓발매,52
진솔,52
최연제,52
기분좋은음악,52
유머,52
그거말고,52
옹성우,52
띵곡의,52
댄스댄스,52
또라이,52
아무생각없음,52
팝송음악,52
holmsted,52
포천,52
월드팝,52
제니퍼로페즈,52
걸크러시,52
작살,52
모든작품은대상,52
섬세함,52
밖에나갈때,52
이불밖은위험해,52
독립영화,52
paris,52
스트레이키즈,52
봄음악,51
마음이편해지는,51
dear,51
한국앨범,51
컹스,51
무브먼트,51
choreo,51
이진성,51
기념,51
라리가,51
daftpunk,51
acid,51
mtv,51
마라톤,51
강렬한사운드,51
감성폭발,51
eq지수,51
하드밥,51
럽스타그램,51
롹2,51
민우,51
딱히,51
매주,51
퀴어,51
국악기가들어간,51
annemarie,51
선선한바람,51
britneyspears,51
화유기,51
진주,51
업로드용,51
케익샵,51
디지몬,51
피곤할때,51
한가,51
브아솔,51
소몰이창법,51
화사,51
britpop,51
느낌있는피아노연주곡,51
겨울바람,51
파티곡,51
jr,51
koreanhiphop,51
맥스,51
들었던,51
드라이브음악,51
리듬감있는,51
애국,51
수사ost,51
로코,51
저글러스ost,51
모즈다이브,51
실패없는,51
스탭,51
봄햇살,51
신중현,51
좋은날,51
외출준비,51
조카바보,51
잠못이루는밤,51
beatles,51
바이러스,51
너무많아,51
uk개러지,51
global,51
외국인디,51
양수경,50
근사,50
그날,50
정연,50
카톡,50
긴박,50
강하늘,50
노동송,50
살빼자,50
movies,50
심장,50
beatport,50
소개,50
babyface,50
트리오,50
의미심장,50
검색,50
히읗,50
dox,50
잔잔하게,50
넷스카이,50
ㅋㅋ,50
임진모,50
지산,50
자폐,50
서영은,50
임정희,50
연기,50
힙찔이,50
피파,50
슬로우,50
투하트,50
song,50
돗자리,50
오늘도,50
기분좋은노래,50
davidguetta,50
spectrum,50
찰떡궁합,50
편집매장,50
혼자듣지,50
하성운,50
오빠,50
클래식록,50
반도네온,50
무대곡,50
한번만,50
흥겨운노래,50
현대,50
머리가맑아지는,50
피땀눈물,50
gospel,50
고막정화,50
뮤지션리그,50
4월의뮤지션,50
영광,50
오픈,50
awards,50
어깨가들썩,50
jazzhop,50
자라섬,50
야구응원가,50
아로하,50
안방공연장,50
댄싱,49
katyperry,49
드림캐쳐,49
무료,49
김보경,49
콜라보레이션,49
비치,49
병장노래,49
미피,49
hifi,49
이름,49
전설의,49
netflix,49
지명,49
dusakf,49
다시듣게되는,49
남자들의우상,49
살아계셨다면,49
지루,49
동백꽃필무렵ost,49
머니게임,49
한적,49
막신,49
노트북,49
한가위,49
느낌있고,49
거짓말,49
style,49
조심,49
오디,49
그녀,49
봄밤,49
gangster,49
영상편집,49
djmag,49
레이디스코드,49
몽상,49
덕후앨범,49
songfic,49
지루함,49
태사자,49
한주,49
날녹여주오,49
걸넥도,49
내가,49
캔디,49
브리티쉬,49
chanel,49
미성년자,49
소프트락,49
겨울엔,49
책읽으며,49
허전,49
세련됨,49
쉴때나,49
뉴릴리즈,49
록덕후,49
터짐,49
힘나는노래,49
박보람,49
한국최강드라마모음,49
1990년부터,49
이별의영동선,49
플앨범,49
라밤바,49
브라스,49
unit,49
유용호,49
핑크플로이드,49
힘들어,49
탬버린,49
내아이를위한음악,49
souliphop,49
지루하다,49
머리가복잡할때,49
krnb,49
루이톰린슨,49
졸려울때,49
느림,49
힐링휴식,49
ep,48
권정열,48
지효,48
millic,48
지드래곤,48
귀척,48
조커,48
촬영,48
매년,48
soccor,48
cdp,48
가요톱텐,48
렛츠기릿,48
xxlfreshmen,48
2011,48
스물다섯,48
andraday,48
패닉,48
바람부는날,48
욱이,48
플리,48
housemisic,48
보컬이디엠,48
포레스트,48
라르크앙시엘,48
게스노키와미오토메,48
걸으며듣기좋은,48
온기,48
얼터팝,48
클럽노래,48
taylorswift,48
오픈부터마감까지,48
창가,48
disclosure,48
고전풍가요,48
팝모음,48
5sos,48
환기,48
linyl,48
클알못,48
흥해라,48
친숙,48
동안,48
유혹,48
tinashe,48
이석훈,48
채동하,48
드팩민짱,48
봄꽃,48
partynextdoor,48
가슴으로듣는노래,48
juicyland,48
오픈카,48
새해복많이받으세요,48
힙페,48
비밀의숲ost,48
아쉬움,48
이상의날개,48
끝없는잔향속에서우리는,48
듣기좋은곡,48
우타이테,48
화류춘몽,48
nicedaddy로,48
평안함,48
wham,48
카타르시스,48
edm모음,48
신해경,48
지은이가좋아하는,48
무드있는,48
멜버른바운스,48
에이나우디,48
추억팔이,48
성악가,48
기품있는,48
신스웨이브,48
클래식초보,48
무인양품,48
jh,47
쯔위,47
외식,47
빨래,47
1917,47
쓸쓸할때,47
국힙힙,47
추천해주고싶은노래,47
스팅,47
포영서,47
칸예웨스트,47
양심,47
3년동안,47
눈물주의,47
장애,47
지적,47
노희경,47
프로여행러,47
고전주의,47
외힙모음,47
씨씨엠,47
키키키,47
괜찮아사랑이야,47
어른,47
마성의,47
송민호,47
더위극복,47
팝차트,47
이비자,47
일렉댄스,47
코로나꺼져,47
즐겨주세요,47
처절,47
오래보자,47
adc,47
더보이즈,47
twenty88,47
카더가든,47
희귀,47
일렉트로닉댄스,47
turnup,47
2019베스트,47
수상곡,47
펍음악,47
얼스웻셔츠,47
큐티,47
이어폰끼고,47
비밥,47
마성의기쁨,47
랩발라드,47
마음을,47
1화,47
활동,47
가볍게들을수있는곡,47
운동할때듣는음악,47
느낌느낌,47
nottoday,47
투제니,47
19980324,47
보물상자,47
이거하나면가을준비끝,47
한살,47
조지벤슨,47
스튜디오지브리,47
엄마도같이듣자,47
리처드용재오닐,47
카라얀,47
상큼하게,47
정유년,47
choral,47
running,47
오늘밤,47
집중이잘되는음악,47
김죽돌,46
명량,46
poprap,46
마션,46
가책,46
제형,46
라디,46
내곡,46
블랙이들,46
랩코어,46
mix,46
핱시,46
겨우,46
삭제,46
언제나좋은,46
고인물,46
기분좋아,46
